ID,Age,Distance in KM,Age Group Description,Distance Description,Player Category
0,60,21.68,Over 48y,Far to HQ,Over 48y & Far to HQ
1,34,12.56,Under 48y,Close to HQ,Under 48y & Close to HQ
2,37,19.83,Under 48y,Far to HQ,Under 48y & Far to HQ
3,68,9.55,Over 48y,Close to HQ,Over 48y & Close to HQ
4,46,19.32,Under 48y,Far to HQ,Under 48y & Far to HQ
5,72,4.47,Over 48y,Close to HQ,Over 48y & Close to HQ
6,58,10.06,Over 48y,Close to HQ,Over 48y & Close to HQ
7,76,13.18,Over 48y,Close to HQ,Over 48y & Close to HQ
8,42,20.14,Under 48y,Far to HQ,Under 48y & Far to HQ
9,25,20.12,Under 48y,Far to HQ,Under 48y & Far to HQ
10,61,12.74,Over 48y,Close to HQ,Over 48y & Close to HQ
11,38,17.61,Under 48y,Far to HQ,Under 48y & Far to HQ
12,58,18.62,Over 48y,Far to HQ,Over 48y & Far to HQ
13,21,21.32,Under 48y,Far to HQ,Under 48y & Far to HQ
14,75,10.65,Over 48y,Close to HQ,Over 48y & Close to HQ
15,64,7.22,Over 48y,Close to HQ,Over 48y & Close to HQ
16,30,12.15,Under 48y,Close to HQ,Under 48y & Close to HQ
17,60,22.5,Over 48y,Far to HQ,Over 48y & Far to HQ
18,79,20.33,Over 48y,Far to HQ,Over 48y & Far to HQ
19,73,18.86,Over 48y,Far to HQ,Over 48y & Far to HQ
20,61,12.65,Over 48y,Close to HQ,Over 48y & Close to HQ
21,22,20.37,Under 48y,Far to HQ,Under 48y & Far to HQ
22,39,20.85,Under 48y,Far to HQ,Under 48y & Far to HQ
23,65,20.91,Over 48y,Far to HQ,Over 48y & Far to HQ
24,24,8.38,Under 48y,Close to HQ,Under 48y & Close to HQ
25,28,11.78,Under 48y,Close to HQ,Under 48y & Close to HQ
26,41,8.55,Under 48y,Close to HQ,Under 48y & Close to HQ
27,58,8.79,Over 48y,Close to HQ,Over 48y & Close to HQ
28,66,10.52,Over 48y,Close to HQ,Over 48y & Close to HQ
29,28,16.4,Under 48y,Close to HQ,Under 48y & Close to HQ
30,74,8.58,Over 48y,Close to HQ,Over 48y & Close to HQ
31,37,20.55,Under 48y,Far to HQ,Under 48y & Far to HQ
32,75,9.86,Over 48y,Close to HQ,Over 48y & Close to HQ
33,46,9.69,Under 48y,Close to HQ,Under 48y & Close to HQ
34,18,11.53,Under 48y,Close to HQ,Under 48y & Close to HQ
35,44,22.92,Under 48y,Far to HQ,Under 48y & Far to HQ
36,71,11.14,Over 48y,Close to HQ,Over 48y & Close to HQ
37,64,15.13,Over 48y,Close to HQ,Over 48y & Close to HQ
38,71,19.33,Over 48y,Far to HQ,Over 48y & Far to HQ
39,28,10.66,Under 48y,Close to HQ,Under 48y & Close to HQ
40,18,8.92,Under 48y,Close to HQ,Under 48y & Close to HQ
41,68,10.28,Over 48y,Close to HQ,Over 48y & Close to HQ
42,22,6.93,Under 48y,Close to HQ,Under 48y & Close to HQ
43,53,24.18,Over 48y,Far to HQ,Over 48y & Far to HQ
44,35,21.34,Under 48y,Far to HQ,Under 48y & Far to HQ
45,28,20.33,Under 48y,Far to HQ,Under 48y & Far to HQ
46,20,7.83,Under 48y,Close to HQ,Under 48y & Close to HQ
47,35,10.01,Under 48y,Close to HQ,Under 48y & Close to HQ
48,50,7.18,Over 48y,Close to HQ,Over 48y & Close to HQ
49,27,11.75,Under 48y,Close to HQ,Under 48y & Close to HQ
50,55,14.47,Over 48y,Close to HQ,Over 48y & Close to HQ
51,47,7.37,Under 48y,Close to HQ,Under 48y & Close to HQ
52,55,18.54,Over 48y,Far to HQ,Over 48y & Far to HQ
53,63,10.01,Over 48y,Close to HQ,Over 48y & Close to HQ
54,35,11.3,Under 48y,Close to HQ,Under 48y & Close to HQ
55,64,10.17,Over 48y,Close to HQ,Over 48y & Close to HQ
56,25,19.07,Under 48y,Far to HQ,Under 48y & Far to HQ
57,20,9.92,Under 48y,Close to HQ,Under 48y & Close to HQ
58,64,11.41,Over 48y,Close to HQ,Over 48y & Close to HQ
59,73,20.74,Over 48y,Far to HQ,Over 48y & Far to HQ
60,56,8.81,Over 48y,Close to HQ,Over 48y & Close to HQ
61,32,9.68,Under 48y,Close to HQ,Under 48y & Close to HQ
62,22,19.84,Under 48y,Far to HQ,Under 48y & Far to HQ
63,18,10.38,Under 48y,Close to HQ,Under 48y & Close to HQ
64,27,20.52,Under 48y,Far to HQ,Under 48y & Far to HQ
65,72,11.88,Over 48y,Close to HQ,Over 48y & Close to HQ
66,28,9.92,Under 48y,Close to HQ,Under 48y & Close to HQ
67,73,19.03,Over 48y,Far to HQ,Over 48y & Far to HQ
68,59,10.42,Over 48y,Close to HQ,Over 48y & Close to HQ
69,54,8.49,Over 48y,Close to HQ,Over 48y & Close to HQ
70,37,9.0,Under 48y,Close to HQ,Under 48y & Close to HQ
71,66,12.93,Over 48y,Close to HQ,Over 48y & Close to HQ
72,22,9.32,Under 48y,Close to HQ,Under 48y & Close to HQ
73,73,19.94,Over 48y,Far to HQ,Over 48y & Far to HQ
74,72,8.72,Over 48y,Close to HQ,Over 48y & Close to HQ
75,36,11.0,Under 48y,Close to HQ,Under 48y & Close to HQ
76,39,8.11,Under 48y,Close to HQ,Under 48y & Close to HQ
77,34,10.92,Under 48y,Close to HQ,Under 48y & Close to HQ
78,55,9.68,Over 48y,Close to HQ,Over 48y & Close to HQ
79,77,22.11,Over 48y,Far to HQ,Over 48y & Far to HQ
80,26,20.32,Under 48y,Far to HQ,Under 48y & Far to HQ
81,30,7.26,Under 48y,Close to HQ,Under 48y & Close to HQ
82,77,18.94,Over 48y,Far to HQ,Over 48y & Far to HQ
83,42,11.91,Under 48y,Close to HQ,Under 48y & Close to HQ
84,49,9.02,Over 48y,Close to HQ,Over 48y & Close to HQ
85,23,9.24,Under 48y,Close to HQ,Under 48y & Close to HQ
86,40,11.57,Under 48y,Close to HQ,Under 48y & Close to HQ
87,60,11.67,Over 48y,Close to HQ,Over 48y & Close to HQ
88,39,19.94,Under 48y,Far to HQ,Under 48y & Far to HQ
89,50,9.34,Over 48y,Close to HQ,Over 48y & Close to HQ
90,51,9.02,Over 48y,Close to HQ,Over 48y & Close to HQ
91,29,18.6,Under 48y,Far to HQ,Under 48y & Far to HQ
92,18,19.78,Under 48y,Far to HQ,Under 48y & Far to HQ
93,52,19.1,Over 48y,Far to HQ,Over 48y & Far to HQ
94,31,11.49,Under 48y,Close to HQ,Under 48y & Close to HQ
95,77,23.44,Over 48y,Far to HQ,Over 48y & Far to HQ
96,47,12.21,Under 48y,Close to HQ,Under 48y & Close to HQ
97,22,13.29,Under 48y,Close to HQ,Under 48y & Close to HQ
98,62,10.34,Over 48y,Close to HQ,Over 48y & Close to HQ
99,77,20.09,Over 48y,Far to HQ,Over 48y & Far to HQ
100,37,19.23,Under 48y,Far to HQ,Under 48y & Far to HQ
101,28,19.25,Under 48y,Far to HQ,Under 48y & Far to HQ
102,29,19.76,Under 48y,Far to HQ,Under 48y & Far to HQ
103,75,22.01,Over 48y,Far to HQ,Over 48y & Far to HQ
104,77,17.36,Over 48y,Far to HQ,Over 48y & Far to HQ
105,25,19.66,Under 48y,Far to HQ,Under 48y & Far to HQ
106,20,20.25,Under 48y,Far to HQ,Under 48y & Far to HQ
107,32,8.8,Under 48y,Close to HQ,Under 48y & Close to HQ
108,61,5.74,Over 48y,Close to HQ,Over 48y & Close to HQ
109,34,19.57,Under 48y,Far to HQ,Under 48y & Far to HQ
110,69,5.89,Over 48y,Close to HQ,Over 48y & Close to HQ
111,53,22.82,Over 48y,Far to HQ,Over 48y & Far to HQ
112,62,7.46,Over 48y,Close to HQ,Over 48y & Close to HQ
113,40,19.2,Under 48y,Far to HQ,Under 48y & Far to HQ
114,42,18.31,Under 48y,Far to HQ,Under 48y & Far to HQ
115,72,18.12,Over 48y,Far to HQ,Over 48y & Far to HQ
116,62,8.76,Over 48y,Close to HQ,Over 48y & Close to HQ
117,41,8.29,Under 48y,Close to HQ,Under 48y & Close to HQ
118,56,10.4,Over 48y,Close to HQ,Over 48y & Close to HQ
119,53,20.9,Over 48y,Far to HQ,Over 48y & Far to HQ
120,43,18.06,Under 48y,Far to HQ,Under 48y & Far to HQ
121,41,18.13,Under 48y,Far to HQ,Under 48y & Far to HQ
122,29,11.57,Under 48y,Close to HQ,Under 48y & Close to HQ
123,67,11.79,Over 48y,Close to HQ,Over 48y & Close to HQ
124,48,9.07,Over 48y,Close to HQ,Over 48y & Close to HQ
125,72,21.63,Over 48y,Far to HQ,Over 48y & Far to HQ
126,38,20.72,Under 48y,Far to HQ,Under 48y & Far to HQ
127,33,13.07,Under 48y,Close to HQ,Under 48y & Close to HQ
128,40,13.18,Under 48y,Close to HQ,Under 48y & Close to HQ
129,62,11.7,Over 48y,Close to HQ,Over 48y & Close to HQ
130,62,9.59,Over 48y,Close to HQ,Over 48y & Close to HQ
131,77,21.32,Over 48y,Far to HQ,Over 48y & Far to HQ
132,41,19.03,Under 48y,Far to HQ,Under 48y & Far to HQ
133,61,11.8,Over 48y,Close to HQ,Over 48y & Close to HQ
134,51,11.39,Over 48y,Close to HQ,Over 48y & Close to HQ
135,48,8.52,Over 48y,Close to HQ,Over 48y & Close to HQ
136,64,11.27,Over 48y,Close to HQ,Over 48y & Close to HQ
137,21,16.44,Under 48y,Close to HQ,Under 48y & Close to HQ
138,71,8.09,Over 48y,Close to HQ,Over 48y & Close to HQ
139,49,8.2,Over 48y,Close to HQ,Over 48y & Close to HQ
140,28,10.6,Under 48y,Close to HQ,Under 48y & Close to HQ
141,43,11.09,Under 48y,Close to HQ,Under 48y & Close to HQ
142,20,8.26,Under 48y,Close to HQ,Under 48y & Close to HQ
143,58,23.07,Over 48y,Far to HQ,Over 48y & Far to HQ
144,24,18.53,Under 48y,Far to HQ,Under 48y & Far to HQ
145,23,9.12,Under 48y,Close to HQ,Under 48y & Close to HQ
146,31,19.38,Under 48y,Far to HQ,Under 48y & Far to HQ
147,51,18.02,Over 48y,Far to HQ,Over 48y & Far to HQ
148,47,13.5,Under 48y,Close to HQ,Under 48y & Close to HQ
149,38,18.12,Under 48y,Far to HQ,Under 48y & Far to HQ
150,73,12.26,Over 48y,Close to HQ,Over 48y & Close to HQ
151,40,21.92,Under 48y,Far to HQ,Under 48y & Far to HQ
152,36,22.74,Under 48y,Far to HQ,Under 48y & Far to HQ
153,69,19.26,Over 48y,Far to HQ,Over 48y & Far to HQ
154,41,8.64,Under 48y,Close to HQ,Under 48y & Close to HQ
155,19,9.51,Under 48y,Close to HQ,Under 48y & Close to HQ
156,37,8.6,Under 48y,Close to HQ,Under 48y & Close to HQ
157,71,19.54,Over 48y,Far to HQ,Over 48y & Far to HQ
158,60,21.2,Over 48y,Far to HQ,Over 48y & Far to HQ
159,24,8.34,Under 48y,Close to HQ,Under 48y & Close to HQ
160,50,20.67,Over 48y,Far to HQ,Over 48y & Far to HQ
161,18,19.53,Under 48y,Far to HQ,Under 48y & Far to HQ
162,23,12.5,Under 48y,Close to HQ,Under 48y & Close to HQ
163,31,22.28,Under 48y,Far to HQ,Under 48y & Far to HQ
164,79,17.71,Over 48y,Far to HQ,Over 48y & Far to HQ
165,24,9.5,Under 48y,Close to HQ,Under 48y & Close to HQ
166,23,18.13,Under 48y,Far to HQ,Under 48y & Far to HQ
167,67,11.65,Over 48y,Close to HQ,Over 48y & Close to HQ
168,29,18.95,Under 48y,Far to HQ,Under 48y & Far to HQ
169,42,21.01,Under 48y,Far to HQ,Under 48y & Far to HQ
170,64,10.08,Over 48y,Close to HQ,Over 48y & Close to HQ
171,37,20.25,Under 48y,Far to HQ,Under 48y & Far to HQ
172,44,18.74,Under 48y,Far to HQ,Under 48y & Far to HQ
173,40,9.73,Under 48y,Close to HQ,Under 48y & Close to HQ
174,75,8.34,Over 48y,Close to HQ,Over 48y & Close to HQ
175,37,23.58,Under 48y,Far to HQ,Under 48y & Far to HQ
176,64,12.85,Over 48y,Close to HQ,Over 48y & Close to HQ
177,59,22.25,Over 48y,Far to HQ,Over 48y & Far to HQ
178,39,11.46,Under 48y,Close to HQ,Under 48y & Close to HQ
179,35,19.92,Under 48y,Far to HQ,Under 48y & Far to HQ
180,27,12.02,Under 48y,Close to HQ,Under 48y & Close to HQ
181,24,10.48,Under 48y,Close to HQ,Under 48y & Close to HQ
182,62,18.52,Over 48y,Far to HQ,Over 48y & Far to HQ
183,51,17.17,Over 48y,Far to HQ,Over 48y & Far to HQ
184,47,9.81,Under 48y,Close to HQ,Under 48y & Close to HQ
185,37,18.45,Under 48y,Far to HQ,Under 48y & Far to HQ
186,43,21.29,Under 48y,Far to HQ,Under 48y & Far to HQ
187,26,23.37,Under 48y,Far to HQ,Under 48y & Far to HQ
188,23,11.22,Under 48y,Close to HQ,Under 48y & Close to HQ
189,35,19.27,Under 48y,Far to HQ,Under 48y & Far to HQ
190,76,11.22,Over 48y,Close to HQ,Over 48y & Close to HQ
191,64,21.34,Over 48y,Far to HQ,Over 48y & Far to HQ
192,64,22.1,Over 48y,Far to HQ,Over 48y & Far to HQ
193,31,20.22,Under 48y,Far to HQ,Under 48y & Far to HQ
194,25,9.19,Under 48y,Close to HQ,Under 48y & Close to HQ
195,41,19.32,Under 48y,Far to HQ,Under 48y & Far to HQ
196,72,12.67,Over 48y,Close to HQ,Over 48y & Close to HQ
197,57,18.0,Over 48y,Far to HQ,Over 48y & Far to HQ
198,46,19.65,Under 48y,Far to HQ,Under 48y & Far to HQ
199,62,8.76,Over 48y,Close to HQ,Over 48y & Close to HQ
200,69,12.08,Over 48y,Close to HQ,Over 48y & Close to HQ
201,70,11.02,Over 48y,Close to HQ,Over 48y & Close to HQ
202,39,11.54,Under 48y,Close to HQ,Under 48y & Close to HQ
203,58,23.49,Over 48y,Far to HQ,Over 48y & Far to HQ
204,45,17.5,Under 48y,Far to HQ,Under 48y & Far to HQ
205,47,19.1,Under 48y,Far to HQ,Under 48y & Far to HQ
206,77,18.39,Over 48y,Far to HQ,Over 48y & Far to HQ
207,51,19.28,Over 48y,Far to HQ,Over 48y & Far to HQ
208,59,21.4,Over 48y,Far to HQ,Over 48y & Far to HQ
209,19,15.63,Under 48y,Close to HQ,Under 48y & Close to HQ
210,59,10.21,Over 48y,Close to HQ,Over 48y & Close to HQ
211,64,20.12,Over 48y,Far to HQ,Over 48y & Far to HQ
212,37,11.96,Under 48y,Close to HQ,Under 48y & Close to HQ
213,36,11.48,Under 48y,Close to HQ,Under 48y & Close to HQ
214,63,6.91,Over 48y,Close to HQ,Over 48y & Close to HQ
215,76,11.84,Over 48y,Close to HQ,Over 48y & Close to HQ
216,24,6.88,Under 48y,Close to HQ,Under 48y & Close to HQ
217,78,18.5,Over 48y,Far to HQ,Over 48y & Far to HQ
218,64,19.37,Over 48y,Far to HQ,Over 48y & Far to HQ
219,29,16.11,Under 48y,Close to HQ,Under 48y & Close to HQ
220,26,20.16,Under 48y,Far to HQ,Under 48y & Far to HQ
221,21,18.8,Under 48y,Far to HQ,Under 48y & Far to HQ
222,21,19.64,Under 48y,Far to HQ,Under 48y & Far to HQ
223,20,20.59,Under 48y,Far to HQ,Under 48y & Far to HQ
224,35,10.71,Under 48y,Close to HQ,Under 48y & Close to HQ
225,31,9.76,Under 48y,Close to HQ,Under 48y & Close to HQ
226,75,21.95,Over 48y,Far to HQ,Over 48y & Far to HQ
227,71,23.3,Over 48y,Far to HQ,Over 48y & Far to HQ
228,65,21.92,Over 48y,Far to HQ,Over 48y & Far to HQ
229,52,16.89,Over 48y,Far to HQ,Over 48y & Far to HQ
230,21,11.2,Under 48y,Close to HQ,Under 48y & Close to HQ
231,22,11.13,Under 48y,Close to HQ,Under 48y & Close to HQ
232,32,20.18,Under 48y,Far to HQ,Under 48y & Far to HQ
233,74,20.72,Over 48y,Far to HQ,Over 48y & Far to HQ
234,19,9.21,Under 48y,Close to HQ,Under 48y & Close to HQ
235,30,10.52,Under 48y,Close to HQ,Under 48y & Close to HQ
236,34,22.4,Under 48y,Far to HQ,Under 48y & Far to HQ
237,48,11.76,Over 48y,Close to HQ,Over 48y & Close to HQ
238,79,6.08,Over 48y,Close to HQ,Over 48y & Close to HQ
239,43,11.26,Under 48y,Close to HQ,Under 48y & Close to HQ
240,22,22.25,Under 48y,Far to HQ,Under 48y & Far to HQ
241,39,8.57,Under 48y,Close to HQ,Under 48y & Close to HQ
242,40,19.71,Under 48y,Far to HQ,Under 48y & Far to HQ
243,47,17.86,Under 48y,Far to HQ,Under 48y & Far to HQ
244,66,17.2,Over 48y,Far to HQ,Over 48y & Far to HQ
245,36,11.29,Under 48y,Close to HQ,Under 48y & Close to HQ
246,26,9.92,Under 48y,Close to HQ,Under 48y & Close to HQ
247,27,12.06,Under 48y,Close to HQ,Under 48y & Close to HQ
248,64,22.76,Over 48y,Far to HQ,Over 48y & Far to HQ
249,60,24.32,Over 48y,Far to HQ,Over 48y & Far to HQ
250,22,20.81,Under 48y,Far to HQ,Under 48y & Far to HQ
251,30,8.43,Under 48y,Close to HQ,Under 48y & Close to HQ
252,44,9.8,Under 48y,Close to HQ,Under 48y & Close to HQ
253,18,18.89,Under 48y,Far to HQ,Under 48y & Far to HQ
254,46,8.02,Under 48y,Close to HQ,Under 48y & Close to HQ
255,43,11.51,Under 48y,Close to HQ,Under 48y & Close to HQ
256,63,10.45,Over 48y,Close to HQ,Over 48y & Close to HQ
257,76,19.87,Over 48y,Far to HQ,Over 48y & Far to HQ
258,52,19.35,Over 48y,Far to HQ,Over 48y & Far to HQ
259,72,22.7,Over 48y,Far to HQ,Over 48y & Far to HQ
260,58,10.0,Over 48y,Close to HQ,Over 48y & Close to HQ
261,63,7.3,Over 48y,Close to HQ,Over 48y & Close to HQ
262,49,18.2,Over 48y,Far to HQ,Over 48y & Far to HQ
263,72,21.14,Over 48y,Far to HQ,Over 48y & Far to HQ
264,25,18.17,Under 48y,Far to HQ,Under 48y & Far to HQ
265,62,10.44,Over 48y,Close to HQ,Over 48y & Close to HQ
266,77,6.74,Over 48y,Close to HQ,Over 48y & Close to HQ
267,71,17.43,Over 48y,Far to HQ,Over 48y & Far to HQ
268,59,7.11,Over 48y,Close to HQ,Over 48y & Close to HQ
269,18,19.91,Under 48y,Far to HQ,Under 48y & Far to HQ
270,78,13.35,Over 48y,Close to HQ,Over 48y & Close to HQ
271,48,17.15,Over 48y,Far to HQ,Over 48y & Far to HQ
272,77,9.25,Over 48y,Close to HQ,Over 48y & Close to HQ
273,42,18.95,Under 48y,Far to HQ,Under 48y & Far to HQ
274,31,9.78,Under 48y,Close to HQ,Under 48y & Close to HQ
275,66,10.53,Over 48y,Close to HQ,Over 48y & Close to HQ
276,67,9.98,Over 48y,Close to HQ,Over 48y & Close to HQ
277,43,19.17,Under 48y,Far to HQ,Under 48y & Far to HQ
278,25,18.8,Under 48y,Far to HQ,Under 48y & Far to HQ
279,34,9.51,Under 48y,Close to HQ,Under 48y & Close to HQ
280,77,8.63,Over 48y,Close to HQ,Over 48y & Close to HQ
281,59,12.41,Over 48y,Close to HQ,Over 48y & Close to HQ
282,59,12.09,Over 48y,Close to HQ,Over 48y & Close to HQ
283,56,10.51,Over 48y,Close to HQ,Over 48y & Close to HQ
284,24,9.7,Under 48y,Close to HQ,Under 48y & Close to HQ
285,18,18.23,Under 48y,Far to HQ,Under 48y & Far to HQ
286,41,20.15,Under 48y,Far to HQ,Under 48y & Far to HQ
287,27,8.71,Under 48y,Close to HQ,Under 48y & Close to HQ
288,20,6.59,Under 48y,Close to HQ,Under 48y & Close to HQ
289,52,8.17,Over 48y,Close to HQ,Over 48y & Close to HQ
290,51,9.98,Over 48y,Close to HQ,Over 48y & Close to HQ
291,69,9.62,Over 48y,Close to HQ,Over 48y & Close to HQ
292,21,12.48,Under 48y,Close to HQ,Under 48y & Close to HQ
293,77,18.69,Over 48y,Far to HQ,Over 48y & Far to HQ
294,42,21.29,Under 48y,Far to HQ,Under 48y & Far to HQ
295,77,19.8,Over 48y,Far to HQ,Over 48y & Far to HQ
296,32,22.55,Under 48y,Far to HQ,Under 48y & Far to HQ
297,70,18.27,Over 48y,Far to HQ,Over 48y & Far to HQ
298,57,8.01,Over 48y,Close to HQ,Over 48y & Close to HQ
299,19,9.99,Under 48y,Close to HQ,Under 48y & Close to HQ
300,46,13.06,Under 48y,Close to HQ,Under 48y & Close to HQ
301,68,20.91,Over 48y,Far to HQ,Over 48y & Far to HQ
302,43,24.09,Under 48y,Far to HQ,Under 48y & Far to HQ
303,55,17.46,Over 48y,Far to HQ,Over 48y & Far to HQ
304,52,10.02,Over 48y,Close to HQ,Over 48y & Close to HQ
305,48,20.64,Over 48y,Far to HQ,Over 48y & Far to HQ
306,36,10.82,Under 48y,Close to HQ,Under 48y & Close to HQ
307,75,18.9,Over 48y,Far to HQ,Over 48y & Far to HQ
308,49,10.25,Over 48y,Close to HQ,Over 48y & Close to HQ
309,79,18.93,Over 48y,Far to HQ,Over 48y & Far to HQ
310,31,11.19,Under 48y,Close to HQ,Under 48y & Close to HQ
311,32,21.78,Under 48y,Far to HQ,Under 48y & Far to HQ
312,56,22.2,Over 48y,Far to HQ,Over 48y & Far to HQ
313,32,20.04,Under 48y,Far to HQ,Under 48y & Far to HQ
314,75,17.97,Over 48y,Far to HQ,Over 48y & Far to HQ
315,26,9.78,Under 48y,Close to HQ,Under 48y & Close to HQ
316,64,12.05,Over 48y,Close to HQ,Over 48y & Close to HQ
317,50,23.04,Over 48y,Far to HQ,Over 48y & Far to HQ
318,45,18.48,Under 48y,Far to HQ,Under 48y & Far to HQ
319,39,21.13,Under 48y,Far to HQ,Under 48y & Far to HQ
320,78,16.7,Over 48y,Far to HQ,Over 48y & Far to HQ
321,37,14.64,Under 48y,Close to HQ,Under 48y & Close to HQ
322,48,9.51,Over 48y,Close to HQ,Over 48y & Close to HQ
323,57,18.57,Over 48y,Far to HQ,Over 48y & Far to HQ
324,19,23.11,Under 48y,Far to HQ,Under 48y & Far to HQ
325,43,10.68,Under 48y,Close to HQ,Under 48y & Close to HQ
326,44,10.59,Under 48y,Close to HQ,Under 48y & Close to HQ
327,46,20.12,Under 48y,Far to HQ,Under 48y & Far to HQ
328,30,11.28,Under 48y,Close to HQ,Under 48y & Close to HQ
329,35,19.5,Under 48y,Far to HQ,Under 48y & Far to HQ
330,33,20.86,Under 48y,Far to HQ,Under 48y & Far to HQ
331,46,14.61,Under 48y,Close to HQ,Under 48y & Close to HQ
332,27,17.87,Under 48y,Far to HQ,Under 48y & Far to HQ
333,41,21.79,Under 48y,Far to HQ,Under 48y & Far to HQ
334,59,22.48,Over 48y,Far to HQ,Over 48y & Far to HQ
335,60,20.57,Over 48y,Far to HQ,Over 48y & Far to HQ
336,63,11.99,Over 48y,Close to HQ,Over 48y & Close to HQ
337,43,9.77,Under 48y,Close to HQ,Under 48y & Close to HQ
338,57,8.27,Over 48y,Close to HQ,Over 48y & Close to HQ
339,58,13.25,Over 48y,Close to HQ,Over 48y & Close to HQ
340,23,10.67,Under 48y,Close to HQ,Under 48y & Close to HQ
341,22,10.77,Under 48y,Close to HQ,Under 48y & Close to HQ
342,62,9.5,Over 48y,Close to HQ,Over 48y & Close to HQ
343,30,20.79,Under 48y,Far to HQ,Under 48y & Far to HQ
344,22,19.84,Under 48y,Far to HQ,Under 48y & Far to HQ
345,47,18.57,Under 48y,Far to HQ,Under 48y & Far to HQ
346,62,19.82,Over 48y,Far to HQ,Over 48y & Far to HQ
347,49,20.69,Over 48y,Far to HQ,Over 48y & Far to HQ
348,76,22.84,Over 48y,Far to HQ,Over 48y & Far to HQ
349,68,23.7,Over 48y,Far to HQ,Over 48y & Far to HQ
350,26,19.51,Under 48y,Far to HQ,Under 48y & Far to HQ
351,28,18.56,Under 48y,Far to HQ,Under 48y & Far to HQ
352,42,21.88,Under 48y,Far to HQ,Under 48y & Far to HQ
353,33,8.8,Under 48y,Close to HQ,Under 48y & Close to HQ
354,54,10.39,Over 48y,Close to HQ,Over 48y & Close to HQ
355,76,9.87,Over 48y,Close to HQ,Over 48y & Close to HQ
356,21,19.92,Under 48y,Far to HQ,Under 48y & Far to HQ
357,71,12.09,Over 48y,Close to HQ,Over 48y & Close to HQ
358,43,8.98,Under 48y,Close to HQ,Under 48y & Close to HQ
359,50,21.71,Over 48y,Far to HQ,Over 48y & Far to HQ
360,78,18.02,Over 48y,Far to HQ,Over 48y & Far to HQ
361,64,21.63,Over 48y,Far to HQ,Over 48y & Far to HQ
362,18,9.37,Under 48y,Close to HQ,Under 48y & Close to HQ
363,31,10.52,Under 48y,Close to HQ,Under 48y & Close to HQ
364,29,19.32,Under 48y,Far to HQ,Under 48y & Far to HQ
365,61,23.13,Over 48y,Far to HQ,Over 48y & Far to HQ
366,61,9.1,Over 48y,Close to HQ,Over 48y & Close to HQ
367,19,13.11,Under 48y,Close to HQ,Under 48y & Close to HQ
368,69,11.82,Over 48y,Close to HQ,Over 48y & Close to HQ
369,53,18.77,Over 48y,Far to HQ,Over 48y & Far to HQ
370,57,16.17,Over 48y,Close to HQ,Over 48y & Close to HQ
371,63,21.69,Over 48y,Far to HQ,Over 48y & Far to HQ
372,62,20.52,Over 48y,Far to HQ,Over 48y & Far to HQ
373,72,19.99,Over 48y,Far to HQ,Over 48y & Far to HQ
374,49,9.62,Over 48y,Close to HQ,Over 48y & Close to HQ
375,35,21.11,Under 48y,Far to HQ,Under 48y & Far to HQ
376,37,22.74,Under 48y,Far to HQ,Under 48y & Far to HQ
377,42,21.3,Under 48y,Far to HQ,Under 48y & Far to HQ
378,27,18.4,Under 48y,Far to HQ,Under 48y & Far to HQ
379,45,12.48,Under 48y,Close to HQ,Under 48y & Close to HQ
380,48,17.32,Over 48y,Far to HQ,Over 48y & Far to HQ
381,32,12.47,Under 48y,Close to HQ,Under 48y & Close to HQ
382,22,21.99,Under 48y,Far to HQ,Under 48y & Far to HQ
383,18,13.9,Under 48y,Close to HQ,Under 48y & Close to HQ
384,76,8.64,Over 48y,Close to HQ,Over 48y & Close to HQ
385,69,7.19,Over 48y,Close to HQ,Over 48y & Close to HQ
386,69,21.29,Over 48y,Far to HQ,Over 48y & Far to HQ
387,40,23.98,Under 48y,Far to HQ,Under 48y & Far to HQ
388,33,15.66,Under 48y,Close to HQ,Under 48y & Close to HQ
389,66,17.97,Over 48y,Far to HQ,Over 48y & Far to HQ
390,41,23.89,Under 48y,Far to HQ,Under 48y & Far to HQ
391,39,10.92,Under 48y,Close to HQ,Under 48y & Close to HQ
392,19,8.21,Under 48y,Close to HQ,Under 48y & Close to HQ
393,51,19.55,Over 48y,Far to HQ,Over 48y & Far to HQ
394,53,18.83,Over 48y,Far to HQ,Over 48y & Far to HQ
395,26,22.24,Under 48y,Far to HQ,Under 48y & Far to HQ
396,55,13.2,Over 48y,Close to HQ,Over 48y & Close to HQ
397,18,10.78,Under 48y,Close to HQ,Under 48y & Close to HQ
398,73,19.05,Over 48y,Far to HQ,Over 48y & Far to HQ
399,27,20.9,Under 48y,Far to HQ,Under 48y & Far to HQ
400,64,9.35,Over 48y,Close to HQ,Over 48y & Close to HQ
401,28,10.48,Under 48y,Close to HQ,Under 48y & Close to HQ
402,55,18.5,Over 48y,Far to HQ,Over 48y & Far to HQ
403,52,8.63,Over 48y,Close to HQ,Over 48y & Close to HQ
404,59,6.79,Over 48y,Close to HQ,Over 48y & Close to HQ
405,55,8.09,Over 48y,Close to HQ,Over 48y & Close to HQ
406,52,18.18,Over 48y,Far to HQ,Over 48y & Far to HQ
407,76,18.75,Over 48y,Far to HQ,Over 48y & Far to HQ
408,27,20.62,Under 48y,Far to HQ,Under 48y & Far to HQ
409,55,21.23,Over 48y,Far to HQ,Over 48y & Far to HQ
410,60,5.5,Over 48y,Close to HQ,Over 48y & Close to HQ
411,44,18.14,Under 48y,Far to HQ,Under 48y & Far to HQ
412,55,7.67,Over 48y,Close to HQ,Over 48y & Close to HQ
413,55,8.69,Over 48y,Close to HQ,Over 48y & Close to HQ
414,46,20.58,Under 48y,Far to HQ,Under 48y & Far to HQ
415,68,19.28,Over 48y,Far to HQ,Over 48y & Far to HQ
416,76,21.56,Over 48y,Far to HQ,Over 48y & Far to HQ
417,74,9.3,Over 48y,Close to HQ,Over 48y & Close to HQ
418,57,18.17,Over 48y,Far to HQ,Over 48y & Far to HQ
419,64,9.07,Over 48y,Close to HQ,Over 48y & Close to HQ
420,55,11.32,Over 48y,Close to HQ,Over 48y & Close to HQ
421,51,15.87,Over 48y,Close to HQ,Over 48y & Close to HQ
422,40,17.02,Under 48y,Far to HQ,Under 48y & Far to HQ
423,55,20.05,Over 48y,Far to HQ,Over 48y & Far to HQ
424,48,11.55,Over 48y,Close to HQ,Over 48y & Close to HQ
425,37,9.37,Under 48y,Close to HQ,Under 48y & Close to HQ
426,43,20.93,Under 48y,Far to HQ,Under 48y & Far to HQ
427,60,11.46,Over 48y,Close to HQ,Over 48y & Close to HQ
428,18,10.69,Under 48y,Close to HQ,Under 48y & Close to HQ
429,44,20.15,Under 48y,Far to HQ,Under 48y & Far to HQ
430,72,20.99,Over 48y,Far to HQ,Over 48y & Far to HQ
431,49,19.25,Over 48y,Far to HQ,Over 48y & Far to HQ
432,21,21.5,Under 48y,Far to HQ,Under 48y & Far to HQ
433,72,10.45,Over 48y,Close to HQ,Over 48y & Close to HQ
434,30,9.36,Under 48y,Close to HQ,Under 48y & Close to HQ
435,74,12.79,Over 48y,Close to HQ,Over 48y & Close to HQ
436,19,9.17,Under 48y,Close to HQ,Under 48y & Close to HQ
437,28,10.14,Under 48y,Close to HQ,Under 48y & Close to HQ
438,45,19.76,Under 48y,Far to HQ,Under 48y & Far to HQ
439,36,20.14,Under 48y,Far to HQ,Under 48y & Far to HQ
440,18,10.14,Under 48y,Close to HQ,Under 48y & Close to HQ
441,25,20.66,Under 48y,Far to HQ,Under 48y & Far to HQ
442,22,22.12,Under 48y,Far to HQ,Under 48y & Far to HQ
443,36,14.29,Under 48y,Close to HQ,Under 48y & Close to HQ
444,31,18.45,Under 48y,Far to HQ,Under 48y & Far to HQ
445,50,8.88,Over 48y,Close to HQ,Over 48y & Close to HQ
446,57,21.73,Over 48y,Far to HQ,Over 48y & Far to HQ
447,56,16.92,Over 48y,Far to HQ,Over 48y & Far to HQ
448,51,14.57,Over 48y,Close to HQ,Over 48y & Close to HQ
449,25,21.74,Under 48y,Far to HQ,Under 48y & Far to HQ
450,46,9.33,Under 48y,Close to HQ,Under 48y & Close to HQ
451,61,11.14,Over 48y,Close to HQ,Over 48y & Close to HQ
452,76,16.77,Over 48y,Far to HQ,Over 48y & Far to HQ
453,30,21.47,Under 48y,Far to HQ,Under 48y & Far to HQ
454,42,9.33,Under 48y,Close to HQ,Under 48y & Close to HQ
455,46,13.64,Under 48y,Close to HQ,Under 48y & Close to HQ
456,66,13.2,Over 48y,Close to HQ,Over 48y & Close to HQ
457,44,10.26,Under 48y,Close to HQ,Under 48y & Close to HQ
458,63,18.5,Over 48y,Far to HQ,Over 48y & Far to HQ
459,63,19.71,Over 48y,Far to HQ,Over 48y & Far to HQ
460,32,8.11,Under 48y,Close to HQ,Under 48y & Close to HQ
461,30,10.34,Under 48y,Close to HQ,Under 48y & Close to HQ
462,69,8.4,Over 48y,Close to HQ,Over 48y & Close to HQ
463,50,10.53,Over 48y,Close to HQ,Over 48y & Close to HQ
464,37,7.85,Under 48y,Close to HQ,Under 48y & Close to HQ
465,55,18.5,Over 48y,Far to HQ,Over 48y & Far to HQ
466,51,9.44,Over 48y,Close to HQ,Over 48y & Close to HQ
467,51,12.3,Over 48y,Close to HQ,Over 48y & Close to HQ
468,61,8.22,Over 48y,Close to HQ,Over 48y & Close to HQ
469,79,23.47,Over 48y,Far to HQ,Over 48y & Far to HQ
470,29,10.66,Under 48y,Close to HQ,Under 48y & Close to HQ
471,70,21.42,Over 48y,Far to HQ,Over 48y & Far to HQ
472,20,15.77,Under 48y,Close to HQ,Under 48y & Close to HQ
473,65,20.67,Over 48y,Far to HQ,Over 48y & Far to HQ
474,67,9.01,Over 48y,Close to HQ,Over 48y & Close to HQ
475,38,12.4,Under 48y,Close to HQ,Under 48y & Close to HQ
476,53,8.52,Over 48y,Close to HQ,Over 48y & Close to HQ
477,61,19.92,Over 48y,Far to HQ,Over 48y & Far to HQ
478,26,12.06,Under 48y,Close to HQ,Under 48y & Close to HQ
479,23,14.79,Under 48y,Close to HQ,Under 48y & Close to HQ
480,77,21.56,Over 48y,Far to HQ,Over 48y & Far to HQ
481,63,18.51,Over 48y,Far to HQ,Over 48y & Far to HQ
482,27,19.9,Under 48y,Far to HQ,Under 48y & Far to HQ
483,19,21.63,Under 48y,Far to HQ,Under 48y & Far to HQ
484,39,6.74,Under 48y,Close to HQ,Under 48y & Close to HQ
485,51,10.62,Over 48y,Close to HQ,Over 48y & Close to HQ
486,55,19.15,Over 48y,Far to HQ,Over 48y & Far to HQ
487,20,19.73,Under 48y,Far to HQ,Under 48y & Far to HQ
488,51,8.01,Over 48y,Close to HQ,Over 48y & Close to HQ
489,21,19.39,Under 48y,Far to HQ,Under 48y & Far to HQ
490,45,11.29,Under 48y,Close to HQ,Under 48y & Close to HQ
491,60,21.75,Over 48y,Far to HQ,Over 48y & Far to HQ
492,36,22.93,Under 48y,Far to HQ,Under 48y & Far to HQ
493,25,22.39,Under 48y,Far to HQ,Under 48y & Far to HQ
494,52,8.3,Over 48y,Close to HQ,Over 48y & Close to HQ
495,39,20.56,Under 48y,Far to HQ,Under 48y & Far to HQ
496,40,21.4,Under 48y,Far to HQ,Under 48y & Far to HQ
497,64,20.75,Over 48y,Far to HQ,Over 48y & Far to HQ
498,22,14.86,Under 48y,Close to HQ,Under 48y & Close to HQ
499,28,8.02,Under 48y,Close to HQ,Under 48y & Close to HQ
500,25,22.24,Under 48y,Far to HQ,Under 48y & Far to HQ
501,39,23.92,Under 48y,Far to HQ,Under 48y & Far to HQ
502,78,20.26,Over 48y,Far to HQ,Over 48y & Far to HQ
503,44,20.04,Under 48y,Far to HQ,Under 48y & Far to HQ
504,73,11.14,Over 48y,Close to HQ,Over 48y & Close to HQ
505,38,16.74,Under 48y,Far to HQ,Under 48y & Far to HQ
506,26,17.03,Under 48y,Far to HQ,Under 48y & Far to HQ
507,61,18.81,Over 48y,Far to HQ,Over 48y & Far to HQ
508,40,9.19,Under 48y,Close to HQ,Under 48y & Close to HQ
509,37,21.18,Under 48y,Far to HQ,Under 48y & Far to HQ
510,73,8.84,Over 48y,Close to HQ,Over 48y & Close to HQ
511,21,19.7,Under 48y,Far to HQ,Under 48y & Far to HQ
512,54,16.05,Over 48y,Close to HQ,Over 48y & Close to HQ
513,22,19.19,Under 48y,Far to HQ,Under 48y & Far to HQ
514,69,6.93,Over 48y,Close to HQ,Over 48y & Close to HQ
515,29,20.3,Under 48y,Far to HQ,Under 48y & Far to HQ
516,69,7.75,Over 48y,Close to HQ,Over 48y & Close to HQ
517,79,22.78,Over 48y,Far to HQ,Over 48y & Far to HQ
518,74,10.78,Over 48y,Close to HQ,Over 48y & Close to HQ
519,70,18.67,Over 48y,Far to HQ,Over 48y & Far to HQ
520,26,22.67,Under 48y,Far to HQ,Under 48y & Far to HQ
521,22,16.72,Under 48y,Far to HQ,Under 48y & Far to HQ
522,20,18.38,Under 48y,Far to HQ,Under 48y & Far to HQ
523,33,8.21,Under 48y,Close to HQ,Under 48y & Close to HQ
524,63,10.41,Over 48y,Close to HQ,Over 48y & Close to HQ
525,77,11.48,Over 48y,Close to HQ,Over 48y & Close to HQ
526,62,8.84,Over 48y,Close to HQ,Over 48y & Close to HQ
527,49,11.95,Over 48y,Close to HQ,Over 48y & Close to HQ
528,37,18.87,Under 48y,Far to HQ,Under 48y & Far to HQ
529,34,21.82,Under 48y,Far to HQ,Under 48y & Far to HQ
530,29,19.62,Under 48y,Far to HQ,Under 48y & Far to HQ
531,41,11.37,Under 48y,Close to HQ,Under 48y & Close to HQ
532,48,13.08,Over 48y,Close to HQ,Over 48y & Close to HQ
533,24,18.98,Under 48y,Far to HQ,Under 48y & Far to HQ
534,40,21.72,Under 48y,Far to HQ,Under 48y & Far to HQ
535,50,13.43,Over 48y,Close to HQ,Over 48y & Close to HQ
536,51,15.47,Over 48y,Close to HQ,Over 48y & Close to HQ
537,32,22.79,Under 48y,Far to HQ,Under 48y & Far to HQ
538,39,11.4,Under 48y,Close to HQ,Under 48y & Close to HQ
539,22,19.2,Under 48y,Far to HQ,Under 48y & Far to HQ
540,30,22.71,Under 48y,Far to HQ,Under 48y & Far to HQ
541,18,13.74,Under 48y,Close to HQ,Under 48y & Close to HQ
542,77,9.06,Over 48y,Close to HQ,Over 48y & Close to HQ
543,68,18.14,Over 48y,Far to HQ,Over 48y & Far to HQ
544,62,18.31,Over 48y,Far to HQ,Over 48y & Far to HQ
545,32,18.48,Under 48y,Far to HQ,Under 48y & Far to HQ
546,18,11.45,Under 48y,Close to HQ,Under 48y & Close to HQ
547,24,19.43,Under 48y,Far to HQ,Under 48y & Far to HQ
548,70,9.0,Over 48y,Close to HQ,Over 48y & Close to HQ
549,71,19.79,Over 48y,Far to HQ,Over 48y & Far to HQ
550,29,11.21,Under 48y,Close to HQ,Under 48y & Close to HQ
551,72,9.91,Over 48y,Close to HQ,Over 48y & Close to HQ
552,58,21.32,Over 48y,Far to HQ,Over 48y & Far to HQ
553,53,11.44,Over 48y,Close to HQ,Over 48y & Close to HQ
554,19,20.9,Under 48y,Far to HQ,Under 48y & Far to HQ
555,46,10.23,Under 48y,Close to HQ,Under 48y & Close to HQ
556,51,18.63,Over 48y,Far to HQ,Over 48y & Far to HQ
557,48,23.09,Over 48y,Far to HQ,Over 48y & Far to HQ
558,44,20.11,Under 48y,Far to HQ,Under 48y & Far to HQ
559,23,8.09,Under 48y,Close to HQ,Under 48y & Close to HQ
560,40,21.9,Under 48y,Far to HQ,Under 48y & Far to HQ
561,65,8.35,Over 48y,Close to HQ,Over 48y & Close to HQ
562,78,19.35,Over 48y,Far to HQ,Over 48y & Far to HQ
563,40,20.6,Under 48y,Far to HQ,Under 48y & Far to HQ
564,53,21.13,Over 48y,Far to HQ,Over 48y & Far to HQ
565,73,11.93,Over 48y,Close to HQ,Over 48y & Close to HQ
566,69,22.43,Over 48y,Far to HQ,Over 48y & Far to HQ
567,31,20.99,Under 48y,Far to HQ,Under 48y & Far to HQ
568,34,8.22,Under 48y,Close to HQ,Under 48y & Close to HQ
569,64,20.16,Over 48y,Far to HQ,Over 48y & Far to HQ
570,60,19.72,Over 48y,Far to HQ,Over 48y & Far to HQ
571,52,8.71,Over 48y,Close to HQ,Over 48y & Close to HQ
572,36,21.33,Under 48y,Far to HQ,Under 48y & Far to HQ
573,63,22.8,Over 48y,Far to HQ,Over 48y & Far to HQ
574,59,19.76,Over 48y,Far to HQ,Over 48y & Far to HQ
575,50,19.79,Over 48y,Far to HQ,Over 48y & Far to HQ
576,41,20.71,Under 48y,Far to HQ,Under 48y & Far to HQ
577,21,21.06,Under 48y,Far to HQ,Under 48y & Far to HQ
578,42,20.46,Under 48y,Far to HQ,Under 48y & Far to HQ
579,26,22.02,Under 48y,Far to HQ,Under 48y & Far to HQ
580,32,19.5,Under 48y,Far to HQ,Under 48y & Far to HQ
581,73,21.23,Over 48y,Far to HQ,Over 48y & Far to HQ
582,38,9.0,Under 48y,Close to HQ,Under 48y & Close to HQ
583,49,20.62,Over 48y,Far to HQ,Over 48y & Far to HQ
584,21,20.15,Under 48y,Far to HQ,Under 48y & Far to HQ
585,73,17.39,Over 48y,Far to HQ,Over 48y & Far to HQ
586,53,12.56,Over 48y,Close to HQ,Over 48y & Close to HQ
587,44,8.29,Under 48y,Close to HQ,Under 48y & Close to HQ
588,22,11.5,Under 48y,Close to HQ,Under 48y & Close to HQ
589,57,21.5,Over 48y,Far to HQ,Over 48y & Far to HQ
590,53,19.4,Over 48y,Far to HQ,Over 48y & Far to HQ
591,33,8.88,Under 48y,Close to HQ,Under 48y & Close to HQ
592,33,9.43,Under 48y,Close to HQ,Under 48y & Close to HQ
593,45,13.16,Under 48y,Close to HQ,Under 48y & Close to HQ
594,26,13.65,Under 48y,Close to HQ,Under 48y & Close to HQ
595,30,8.74,Under 48y,Close to HQ,Under 48y & Close to HQ
596,31,17.77,Under 48y,Far to HQ,Under 48y & Far to HQ
597,49,22.38,Over 48y,Far to HQ,Over 48y & Far to HQ
598,53,10.44,Over 48y,Close to HQ,Over 48y & Close to HQ
599,64,20.36,Over 48y,Far to HQ,Over 48y & Far to HQ
600,57,17.61,Over 48y,Far to HQ,Over 48y & Far to HQ
601,58,11.06,Over 48y,Close to HQ,Over 48y & Close to HQ
602,70,11.32,Over 48y,Close to HQ,Over 48y & Close to HQ
603,35,7.79,Under 48y,Close to HQ,Under 48y & Close to HQ
604,37,21.53,Under 48y,Far to HQ,Under 48y & Far to HQ
605,65,7.92,Over 48y,Close to HQ,Over 48y & Close to HQ
606,18,7.84,Under 48y,Close to HQ,Under 48y & Close to HQ
607,60,17.14,Over 48y,Far to HQ,Over 48y & Far to HQ
608,28,17.02,Under 48y,Far to HQ,Under 48y & Far to HQ
609,63,19.79,Over 48y,Far to HQ,Over 48y & Far to HQ
610,40,9.4,Under 48y,Close to HQ,Under 48y & Close to HQ
611,36,11.25,Under 48y,Close to HQ,Under 48y & Close to HQ
612,79,13.18,Over 48y,Close to HQ,Over 48y & Close to HQ
613,28,10.28,Under 48y,Close to HQ,Under 48y & Close to HQ
614,56,9.75,Over 48y,Close to HQ,Over 48y & Close to HQ
615,73,7.17,Over 48y,Close to HQ,Over 48y & Close to HQ
616,72,15.4,Over 48y,Close to HQ,Over 48y & Close to HQ
617,78,21.12,Over 48y,Far to HQ,Over 48y & Far to HQ
618,59,17.64,Over 48y,Far to HQ,Over 48y & Far to HQ
619,64,4.82,Over 48y,Close to HQ,Over 48y & Close to HQ
620,23,20.01,Under 48y,Far to HQ,Under 48y & Far to HQ
621,54,7.93,Over 48y,Close to HQ,Over 48y & Close to HQ
622,29,8.67,Under 48y,Close to HQ,Under 48y & Close to HQ
623,55,6.66,Over 48y,Close to HQ,Over 48y & Close to HQ
624,72,19.76,Over 48y,Far to HQ,Over 48y & Far to HQ
625,76,20.35,Over 48y,Far to HQ,Over 48y & Far to HQ
626,73,9.12,Over 48y,Close to HQ,Over 48y & Close to HQ
627,39,24.66,Under 48y,Far to HQ,Under 48y & Far to HQ
628,78,19.26,Over 48y,Far to HQ,Over 48y & Far to HQ
629,58,19.41,Over 48y,Far to HQ,Over 48y & Far to HQ
630,55,11.22,Over 48y,Close to HQ,Over 48y & Close to HQ
631,49,22.37,Over 48y,Far to HQ,Over 48y & Far to HQ
632,27,19.69,Under 48y,Far to HQ,Under 48y & Far to HQ
633,32,9.9,Under 48y,Close to HQ,Under 48y & Close to HQ
634,58,22.98,Over 48y,Far to HQ,Over 48y & Far to HQ
635,62,7.24,Over 48y,Close to HQ,Over 48y & Close to HQ
636,56,12.61,Over 48y,Close to HQ,Over 48y & Close to HQ
637,42,8.61,Under 48y,Close to HQ,Under 48y & Close to HQ
638,45,19.3,Under 48y,Far to HQ,Under 48y & Far to HQ
639,43,19.13,Under 48y,Far to HQ,Under 48y & Far to HQ
640,27,19.97,Under 48y,Far to HQ,Under 48y & Far to HQ
641,60,19.79,Over 48y,Far to HQ,Over 48y & Far to HQ
642,37,12.0,Under 48y,Close to HQ,Under 48y & Close to HQ
643,56,22.38,Over 48y,Far to HQ,Over 48y & Far to HQ
644,69,19.98,Over 48y,Far to HQ,Over 48y & Far to HQ
645,60,19.69,Over 48y,Far to HQ,Over 48y & Far to HQ
646,44,19.52,Under 48y,Far to HQ,Under 48y & Far to HQ
647,66,7.67,Over 48y,Close to HQ,Over 48y & Close to HQ
648,24,8.48,Under 48y,Close to HQ,Under 48y & Close to HQ
649,35,13.85,Under 48y,Close to HQ,Under 48y & Close to HQ
650,50,18.41,Over 48y,Far to HQ,Over 48y & Far to HQ
651,41,19.28,Under 48y,Far to HQ,Under 48y & Far to HQ
652,26,22.75,Under 48y,Far to HQ,Under 48y & Far to HQ
653,53,11.23,Over 48y,Close to HQ,Over 48y & Close to HQ
654,75,19.24,Over 48y,Far to HQ,Over 48y & Far to HQ
655,49,18.01,Over 48y,Far to HQ,Over 48y & Far to HQ
656,48,18.08,Over 48y,Far to HQ,Over 48y & Far to HQ
657,57,7.52,Over 48y,Close to HQ,Over 48y & Close to HQ
658,35,8.22,Under 48y,Close to HQ,Under 48y & Close to HQ
659,57,19.89,Over 48y,Far to HQ,Over 48y & Far to HQ
660,33,13.14,Under 48y,Close to HQ,Under 48y & Close to HQ
661,75,12.16,Over 48y,Close to HQ,Over 48y & Close to HQ
662,72,20.35,Over 48y,Far to HQ,Over 48y & Far to HQ
663,59,11.12,Over 48y,Close to HQ,Over 48y & Close to HQ
664,45,12.82,Under 48y,Close to HQ,Under 48y & Close to HQ
665,36,17.18,Under 48y,Far to HQ,Under 48y & Far to HQ
666,54,7.54,Over 48y,Close to HQ,Over 48y & Close to HQ
667,63,11.11,Over 48y,Close to HQ,Over 48y & Close to HQ
668,40,12.13,Under 48y,Close to HQ,Under 48y & Close to HQ
669,23,10.55,Under 48y,Close to HQ,Under 48y & Close to HQ
670,36,20.5,Under 48y,Far to HQ,Under 48y & Far to HQ
671,31,13.17,Under 48y,Close to HQ,Under 48y & Close to HQ
672,38,10.4,Under 48y,Close to HQ,Under 48y & Close to HQ
673,33,11.11,Under 48y,Close to HQ,Under 48y & Close to HQ
674,30,10.68,Under 48y,Close to HQ,Under 48y & Close to HQ
675,39,10.47,Under 48y,Close to HQ,Under 48y & Close to HQ
676,38,10.97,Under 48y,Close to HQ,Under 48y & Close to HQ
677,73,12.09,Over 48y,Close to HQ,Over 48y & Close to HQ
678,47,6.43,Under 48y,Close to HQ,Under 48y & Close to HQ
679,22,9.05,Under 48y,Close to HQ,Under 48y & Close to HQ
680,47,10.67,Under 48y,Close to HQ,Under 48y & Close to HQ
681,26,10.27,Under 48y,Close to HQ,Under 48y & Close to HQ
682,75,18.61,Over 48y,Far to HQ,Over 48y & Far to HQ
683,25,19.54,Under 48y,Far to HQ,Under 48y & Far to HQ
684,75,20.87,Over 48y,Far to HQ,Over 48y & Far to HQ
685,41,12.54,Under 48y,Close to HQ,Under 48y & Close to HQ
686,42,8.07,Under 48y,Close to HQ,Under 48y & Close to HQ
687,70,9.5,Over 48y,Close to HQ,Over 48y & Close to HQ
688,48,11.18,Over 48y,Close to HQ,Over 48y & Close to HQ
689,75,9.3,Over 48y,Close to HQ,Over 48y & Close to HQ
690,24,6.47,Under 48y,Close to HQ,Under 48y & Close to HQ
691,52,10.8,Over 48y,Close to HQ,Over 48y & Close to HQ
692,53,23.5,Over 48y,Far to HQ,Over 48y & Far to HQ
693,75,23.04,Over 48y,Far to HQ,Over 48y & Far to HQ
694,29,19.34,Under 48y,Far to HQ,Under 48y & Far to HQ
695,63,16.25,Over 48y,Close to HQ,Over 48y & Close to HQ
696,51,19.82,Over 48y,Far to HQ,Over 48y & Far to HQ
697,41,17.82,Under 48y,Far to HQ,Under 48y & Far to HQ
698,59,20.27,Over 48y,Far to HQ,Over 48y & Far to HQ
699,45,19.21,Under 48y,Far to HQ,Under 48y & Far to HQ
700,19,15.25,Under 48y,Close to HQ,Under 48y & Close to HQ
701,51,8.27,Over 48y,Close to HQ,Over 48y & Close to HQ
702,70,22.22,Over 48y,Far to HQ,Over 48y & Far to HQ
703,70,17.72,Over 48y,Far to HQ,Over 48y & Far to HQ
704,32,15.48,Under 48y,Close to HQ,Under 48y & Close to HQ
705,27,17.61,Under 48y,Far to HQ,Under 48y & Far to HQ
706,55,10.25,Over 48y,Close to HQ,Over 48y & Close to HQ
707,73,20.98,Over 48y,Far to HQ,Over 48y & Far to HQ
708,59,21.96,Over 48y,Far to HQ,Over 48y & Far to HQ
709,47,9.65,Under 48y,Close to HQ,Under 48y & Close to HQ
710,36,11.69,Under 48y,Close to HQ,Under 48y & Close to HQ
711,70,9.12,Over 48y,Close to HQ,Over 48y & Close to HQ
712,73,10.68,Over 48y,Close to HQ,Over 48y & Close to HQ
713,53,11.22,Over 48y,Close to HQ,Over 48y & Close to HQ
714,75,9.48,Over 48y,Close to HQ,Over 48y & Close to HQ
715,72,7.48,Over 48y,Close to HQ,Over 48y & Close to HQ
716,47,22.43,Under 48y,Far to HQ,Under 48y & Far to HQ
717,23,13.13,Under 48y,Close to HQ,Under 48y & Close to HQ
718,23,22.36,Under 48y,Far to HQ,Under 48y & Far to HQ
719,76,6.36,Over 48y,Close to HQ,Over 48y & Close to HQ
720,72,9.15,Over 48y,Close to HQ,Over 48y & Close to HQ
721,21,18.67,Under 48y,Far to HQ,Under 48y & Far to HQ
722,33,8.47,Under 48y,Close to HQ,Under 48y & Close to HQ
723,41,18.97,Under 48y,Far to HQ,Under 48y & Far to HQ
724,43,21.71,Under 48y,Far to HQ,Under 48y & Far to HQ
725,30,11.34,Under 48y,Close to HQ,Under 48y & Close to HQ
726,46,19.19,Under 48y,Far to HQ,Under 48y & Far to HQ
727,57,20.16,Over 48y,Far to HQ,Over 48y & Far to HQ
728,56,19.23,Over 48y,Far to HQ,Over 48y & Far to HQ
729,34,10.02,Under 48y,Close to HQ,Under 48y & Close to HQ
730,77,22.3,Over 48y,Far to HQ,Over 48y & Far to HQ
731,30,11.0,Under 48y,Close to HQ,Under 48y & Close to HQ
732,52,12.7,Over 48y,Close to HQ,Over 48y & Close to HQ
733,47,22.69,Under 48y,Far to HQ,Under 48y & Far to HQ
734,55,21.0,Over 48y,Far to HQ,Over 48y & Far to HQ
735,24,20.61,Under 48y,Far to HQ,Under 48y & Far to HQ
736,34,10.76,Under 48y,Close to HQ,Under 48y & Close to HQ
737,22,10.31,Under 48y,Close to HQ,Under 48y & Close to HQ
738,71,8.63,Over 48y,Close to HQ,Over 48y & Close to HQ
739,73,17.17,Over 48y,Far to HQ,Over 48y & Far to HQ
740,32,14.43,Under 48y,Close to HQ,Under 48y & Close to HQ
741,57,9.62,Over 48y,Close to HQ,Over 48y & Close to HQ
742,21,20.85,Under 48y,Far to HQ,Under 48y & Far to HQ
743,49,8.99,Over 48y,Close to HQ,Over 48y & Close to HQ
744,75,20.36,Over 48y,Far to HQ,Over 48y & Far to HQ
745,78,9.9,Over 48y,Close to HQ,Over 48y & Close to HQ
746,23,19.79,Under 48y,Far to HQ,Under 48y & Far to HQ
747,30,18.73,Under 48y,Far to HQ,Under 48y & Far to HQ
748,78,19.3,Over 48y,Far to HQ,Over 48y & Far to HQ
749,25,11.19,Under 48y,Close to HQ,Under 48y & Close to HQ
750,52,20.83,Over 48y,Far to HQ,Over 48y & Far to HQ
751,51,20.36,Over 48y,Far to HQ,Over 48y & Far to HQ
752,31,20.45,Under 48y,Far to HQ,Under 48y & Far to HQ
753,73,10.92,Over 48y,Close to HQ,Over 48y & Close to HQ
754,20,12.04,Under 48y,Close to HQ,Under 48y & Close to HQ
755,41,24.14,Under 48y,Far to HQ,Under 48y & Far to HQ
756,31,7.21,Under 48y,Close to HQ,Under 48y & Close to HQ
757,47,22.85,Under 48y,Far to HQ,Under 48y & Far to HQ
758,57,9.65,Over 48y,Close to HQ,Over 48y & Close to HQ
759,63,20.13,Over 48y,Far to HQ,Over 48y & Far to HQ
760,55,10.11,Over 48y,Close to HQ,Over 48y & Close to HQ
761,68,8.19,Over 48y,Close to HQ,Over 48y & Close to HQ
762,35,20.77,Under 48y,Far to HQ,Under 48y & Far to HQ
763,47,21.33,Under 48y,Far to HQ,Under 48y & Far to HQ
764,76,13.46,Over 48y,Close to HQ,Over 48y & Close to HQ
765,73,9.27,Over 48y,Close to HQ,Over 48y & Close to HQ
766,33,20.16,Under 48y,Far to HQ,Under 48y & Far to HQ
767,79,19.88,Over 48y,Far to HQ,Over 48y & Far to HQ
768,33,21.29,Under 48y,Far to HQ,Under 48y & Far to HQ
769,56,22.17,Over 48y,Far to HQ,Over 48y & Far to HQ
770,30,22.38,Under 48y,Far to HQ,Under 48y & Far to HQ
771,33,8.39,Under 48y,Close to HQ,Under 48y & Close to HQ
772,28,12.26,Under 48y,Close to HQ,Under 48y & Close to HQ
773,70,11.1,Over 48y,Close to HQ,Over 48y & Close to HQ
774,53,20.28,Over 48y,Far to HQ,Over 48y & Far to HQ
775,42,20.51,Under 48y,Far to HQ,Under 48y & Far to HQ
776,30,9.77,Under 48y,Close to HQ,Under 48y & Close to HQ
777,30,16.59,Under 48y,Far to HQ,Under 48y & Far to HQ
778,60,18.82,Over 48y,Far to HQ,Over 48y & Far to HQ
779,26,10.76,Under 48y,Close to HQ,Under 48y & Close to HQ
780,57,10.8,Over 48y,Close to HQ,Over 48y & Close to HQ
781,57,10.57,Over 48y,Close to HQ,Over 48y & Close to HQ
782,27,18.09,Under 48y,Far to HQ,Under 48y & Far to HQ
783,36,20.26,Under 48y,Far to HQ,Under 48y & Far to HQ
784,47,8.73,Under 48y,Close to HQ,Under 48y & Close to HQ
785,20,14.21,Under 48y,Close to HQ,Under 48y & Close to HQ
786,60,6.46,Over 48y,Close to HQ,Over 48y & Close to HQ
787,49,7.92,Over 48y,Close to HQ,Over 48y & Close to HQ
788,69,21.06,Over 48y,Far to HQ,Over 48y & Far to HQ
789,60,19.35,Over 48y,Far to HQ,Over 48y & Far to HQ
790,68,12.13,Over 48y,Close to HQ,Over 48y & Close to HQ
791,73,9.63,Over 48y,Close to HQ,Over 48y & Close to HQ
792,31,9.08,Under 48y,Close to HQ,Under 48y & Close to HQ
793,40,21.16,Under 48y,Far to HQ,Under 48y & Far to HQ
794,62,8.52,Over 48y,Close to HQ,Over 48y & Close to HQ
795,20,18.67,Under 48y,Far to HQ,Under 48y & Far to HQ
796,36,8.54,Under 48y,Close to HQ,Under 48y & Close to HQ
797,43,10.01,Under 48y,Close to HQ,Under 48y & Close to HQ
798,51,18.49,Over 48y,Far to HQ,Over 48y & Far to HQ
799,39,17.89,Under 48y,Far to HQ,Under 48y & Far to HQ
800,57,19.12,Over 48y,Far to HQ,Over 48y & Far to HQ
801,18,12.61,Under 48y,Close to HQ,Under 48y & Close to HQ
802,79,11.19,Over 48y,Close to HQ,Over 48y & Close to HQ
803,53,19.17,Over 48y,Far to HQ,Over 48y & Far to HQ
804,73,20.55,Over 48y,Far to HQ,Over 48y & Far to HQ
805,27,13.53,Under 48y,Close to HQ,Under 48y & Close to HQ
806,52,9.28,Over 48y,Close to HQ,Over 48y & Close to HQ
807,68,8.65,Over 48y,Close to HQ,Over 48y & Close to HQ
808,27,12.91,Under 48y,Close to HQ,Under 48y & Close to HQ
809,70,9.41,Over 48y,Close to HQ,Over 48y & Close to HQ
810,45,11.62,Under 48y,Close to HQ,Under 48y & Close to HQ
811,28,22.94,Under 48y,Far to HQ,Under 48y & Far to HQ
812,21,19.75,Under 48y,Far to HQ,Under 48y & Far to HQ
813,58,7.9,Over 48y,Close to HQ,Over 48y & Close to HQ
814,35,10.24,Under 48y,Close to HQ,Under 48y & Close to HQ
815,65,6.25,Over 48y,Close to HQ,Over 48y & Close to HQ
816,68,22.9,Over 48y,Far to HQ,Over 48y & Far to HQ
817,64,6.83,Over 48y,Close to HQ,Over 48y & Close to HQ
818,34,20.33,Under 48y,Far to HQ,Under 48y & Far to HQ
819,35,7.07,Under 48y,Close to HQ,Under 48y & Close to HQ
820,62,7.81,Over 48y,Close to HQ,Over 48y & Close to HQ
821,35,18.51,Under 48y,Far to HQ,Under 48y & Far to HQ
822,71,9.85,Over 48y,Close to HQ,Over 48y & Close to HQ
823,39,9.79,Under 48y,Close to HQ,Under 48y & Close to HQ
824,37,10.77,Under 48y,Close to HQ,Under 48y & Close to HQ
825,20,22.35,Under 48y,Far to HQ,Under 48y & Far to HQ
826,24,9.75,Under 48y,Close to HQ,Under 48y & Close to HQ
827,45,18.99,Under 48y,Far to HQ,Under 48y & Far to HQ
828,43,11.42,Under 48y,Close to HQ,Under 48y & Close to HQ
829,31,11.16,Under 48y,Close to HQ,Under 48y & Close to HQ
830,64,19.9,Over 48y,Far to HQ,Over 48y & Far to HQ
831,70,8.43,Over 48y,Close to HQ,Over 48y & Close to HQ
832,51,13.93,Over 48y,Close to HQ,Over 48y & Close to HQ
833,76,10.93,Over 48y,Close to HQ,Over 48y & Close to HQ
834,73,19.31,Over 48y,Far to HQ,Over 48y & Far to HQ
835,35,15.31,Under 48y,Close to HQ,Under 48y & Close to HQ
836,62,10.1,Over 48y,Close to HQ,Over 48y & Close to HQ
837,64,6.8,Over 48y,Close to HQ,Over 48y & Close to HQ
838,62,21.75,Over 48y,Far to HQ,Over 48y & Far to HQ
839,72,10.07,Over 48y,Close to HQ,Over 48y & Close to HQ
840,73,21.52,Over 48y,Far to HQ,Over 48y & Far to HQ
841,77,10.41,Over 48y,Close to HQ,Over 48y & Close to HQ
842,39,12.44,Under 48y,Close to HQ,Under 48y & Close to HQ
843,37,8.03,Under 48y,Close to HQ,Under 48y & Close to HQ
844,21,20.92,Under 48y,Far to HQ,Under 48y & Far to HQ
845,65,21.51,Over 48y,Far to HQ,Over 48y & Far to HQ
846,60,21.4,Over 48y,Far to HQ,Over 48y & Far to HQ
847,21,18.96,Under 48y,Far to HQ,Under 48y & Far to HQ
848,23,9.79,Under 48y,Close to HQ,Under 48y & Close to HQ
849,42,21.12,Under 48y,Far to HQ,Under 48y & Far to HQ
850,65,9.37,Over 48y,Close to HQ,Over 48y & Close to HQ
851,48,20.85,Over 48y,Far to HQ,Over 48y & Far to HQ
852,33,21.84,Under 48y,Far to HQ,Under 48y & Far to HQ
853,66,18.95,Over 48y,Far to HQ,Over 48y & Far to HQ
854,30,14.87,Under 48y,Close to HQ,Under 48y & Close to HQ
855,72,8.23,Over 48y,Close to HQ,Over 48y & Close to HQ
856,72,17.32,Over 48y,Far to HQ,Over 48y & Far to HQ
857,69,18.04,Over 48y,Far to HQ,Over 48y & Far to HQ
858,68,9.27,Over 48y,Close to HQ,Over 48y & Close to HQ
859,53,22.2,Over 48y,Far to HQ,Over 48y & Far to HQ
860,20,21.27,Under 48y,Far to HQ,Under 48y & Far to HQ
861,77,9.21,Over 48y,Close to HQ,Over 48y & Close to HQ
862,58,9.64,Over 48y,Close to HQ,Over 48y & Close to HQ
863,68,8.47,Over 48y,Close to HQ,Over 48y & Close to HQ
864,42,17.9,Under 48y,Far to HQ,Under 48y & Far to HQ
865,76,21.27,Over 48y,Far to HQ,Over 48y & Far to HQ
866,29,14.03,Under 48y,Close to HQ,Under 48y & Close to HQ
867,29,7.93,Under 48y,Close to HQ,Under 48y & Close to HQ
868,18,18.48,Under 48y,Far to HQ,Under 48y & Far to HQ
869,74,20.59,Over 48y,Far to HQ,Over 48y & Far to HQ
870,51,7.73,Over 48y,Close to HQ,Over 48y & Close to HQ
871,21,9.83,Under 48y,Close to HQ,Under 48y & Close to HQ
872,79,21.07,Over 48y,Far to HQ,Over 48y & Far to HQ
873,66,8.29,Over 48y,Close to HQ,Over 48y & Close to HQ
874,77,23.74,Over 48y,Far to HQ,Over 48y & Far to HQ
875,34,19.97,Under 48y,Far to HQ,Under 48y & Far to HQ
876,40,8.95,Under 48y,Close to HQ,Under 48y & Close to HQ
877,72,9.96,Over 48y,Close to HQ,Over 48y & Close to HQ
878,69,18.67,Over 48y,Far to HQ,Over 48y & Far to HQ
879,19,9.59,Under 48y,Close to HQ,Under 48y & Close to HQ
880,40,22.69,Under 48y,Far to HQ,Under 48y & Far to HQ
881,38,8.88,Under 48y,Close to HQ,Under 48y & Close to HQ
882,22,12.03,Under 48y,Close to HQ,Under 48y & Close to HQ
883,32,17.9,Under 48y,Far to HQ,Under 48y & Far to HQ
884,36,10.95,Under 48y,Close to HQ,Under 48y & Close to HQ
885,40,21.21,Under 48y,Far to HQ,Under 48y & Far to HQ
886,68,7.78,Over 48y,Close to HQ,Over 48y & Close to HQ
887,23,12.07,Under 48y,Close to HQ,Under 48y & Close to HQ
888,60,11.51,Over 48y,Close to HQ,Over 48y & Close to HQ
889,73,8.19,Over 48y,Close to HQ,Over 48y & Close to HQ
890,23,20.56,Under 48y,Far to HQ,Under 48y & Far to HQ
891,20,9.51,Under 48y,Close to HQ,Under 48y & Close to HQ
892,29,19.51,Under 48y,Far to HQ,Under 48y & Far to HQ
893,23,14.36,Under 48y,Close to HQ,Under 48y & Close to HQ
894,56,20.91,Over 48y,Far to HQ,Over 48y & Far to HQ
895,30,8.93,Under 48y,Close to HQ,Under 48y & Close to HQ
896,30,17.75,Under 48y,Far to HQ,Under 48y & Far to HQ
897,39,15.73,Under 48y,Close to HQ,Under 48y & Close to HQ
898,76,14.36,Over 48y,Close to HQ,Over 48y & Close to HQ
899,76,8.07,Over 48y,Close to HQ,Over 48y & Close to HQ
900,36,43.93,Under 48y,Far to HQ,Under 48y & Far to HQ
901,62,32.7,Over 48y,Far to HQ,Over 48y & Far to HQ
902,76,34.98,Over 48y,Far to HQ,Over 48y & Far to HQ
903,74,36.01,Over 48y,Far to HQ,Over 48y & Far to HQ
904,30,19.87,Under 48y,Far to HQ,Under 48y & Far to HQ
905,68,24.88,Over 48y,Far to HQ,Over 48y & Far to HQ
906,21,30.87,Under 48y,Far to HQ,Under 48y & Far to HQ
907,46,37.13,Under 48y,Far to HQ,Under 48y & Far to HQ
908,22,13.51,Under 48y,Close to HQ,Under 48y & Close to HQ
909,39,32.24,Under 48y,Far to HQ,Under 48y & Far to HQ
910,51,36.04,Over 48y,Far to HQ,Over 48y & Far to HQ
911,67,37.06,Over 48y,Far to HQ,Over 48y & Far to HQ
912,27,42.89,Under 48y,Far to HQ,Under 48y & Far to HQ
913,65,19.52,Over 48y,Far to HQ,Over 48y & Far to HQ
914,18,49.68,Under 48y,Far to HQ,Under 48y & Far to HQ
915,66,29.55,Over 48y,Far to HQ,Over 48y & Far to HQ
916,23,37.9,Under 48y,Far to HQ,Under 48y & Far to HQ
917,51,31.6,Over 48y,Far to HQ,Over 48y & Far to HQ
918,63,14.53,Over 48y,Close to HQ,Over 48y & Close to HQ
919,72,35.15,Over 48y,Far to HQ,Over 48y & Far to HQ
920,37,15.29,Under 48y,Close to HQ,Under 48y & Close to HQ
921,41,17.24,Under 48y,Far to HQ,Under 48y & Far to HQ
922,34,7.02,Under 48y,Close to HQ,Under 48y & Close to HQ
923,50,12.8,Over 48y,Close to HQ,Over 48y & Close to HQ
924,64,36.23,Over 48y,Far to HQ,Over 48y & Far to HQ
925,68,18.38,Over 48y,Far to HQ,Over 48y & Far to HQ
926,76,35.58,Over 48y,Far to HQ,Over 48y & Far to HQ
927,55,17.26,Over 48y,Far to HQ,Over 48y & Far to HQ
928,27,35.22,Under 48y,Far to HQ,Under 48y & Far to HQ
929,46,6.55,Under 48y,Close to HQ,Under 48y & Close to HQ
930,55,34.09,Over 48y,Far to HQ,Over 48y & Far to HQ
931,33,50.67,Under 48y,Far to HQ,Under 48y & Far to HQ
932,78,19.18,Over 48y,Far to HQ,Over 48y & Far to HQ
933,43,7.34,Under 48y,Close to HQ,Under 48y & Close to HQ
934,19,35.77,Under 48y,Far to HQ,Under 48y & Far to HQ
935,58,35.44,Over 48y,Far to HQ,Over 48y & Far to HQ
936,68,36.45,Over 48y,Far to HQ,Over 48y & Far to HQ
937,53,38.48,Over 48y,Far to HQ,Over 48y & Far to HQ
938,58,15.77,Over 48y,Close to HQ,Over 48y & Close to HQ
939,27,20.09,Under 48y,Far to HQ,Under 48y & Far to HQ
940,33,46.62,Under 48y,Far to HQ,Under 48y & Far to HQ
941,21,22.58,Under 48y,Far to HQ,Under 48y & Far to HQ
942,60,13.33,Over 48y,Close to HQ,Over 48y & Close to HQ
943,18,28.08,Under 48y,Far to HQ,Under 48y & Far to HQ
944,20,17.21,Under 48y,Far to HQ,Under 48y & Far to HQ
945,29,35.35,Under 48y,Far to HQ,Under 48y & Far to HQ
946,58,42.2,Over 48y,Far to HQ,Over 48y & Far to HQ
947,75,32.96,Over 48y,Far to HQ,Over 48y & Far to HQ
948,35,11.33,Under 48y,Close to HQ,Under 48y & Close to HQ
949,67,35.9,Over 48y,Far to HQ,Over 48y & Far to HQ
950,66,28.47,Over 48y,Far to HQ,Over 48y & Far to HQ
951,26,54.02,Under 48y,Far to HQ,Under 48y & Far to HQ
952,78,44.05,Over 48y,Far to HQ,Over 48y & Far to HQ
953,75,18.57,Over 48y,Far to HQ,Over 48y & Far to HQ
954,72,26.38,Over 48y,Far to HQ,Over 48y & Far to HQ
955,27,38.42,Under 48y,Far to HQ,Under 48y & Far to HQ
956,42,33.49,Under 48y,Far to HQ,Under 48y & Far to HQ
957,26,35.74,Under 48y,Far to HQ,Under 48y & Far to HQ
958,35,28.96,Under 48y,Far to HQ,Under 48y & Far to HQ
959,53,38.11,Over 48y,Far to HQ,Over 48y & Far to HQ
960,44,32.16,Under 48y,Far to HQ,Under 48y & Far to HQ
961,37,26.09,Under 48y,Far to HQ,Under 48y & Far to HQ
962,49,2.69,Over 48y,Close to HQ,Over 48y & Close to HQ
963,73,7.07,Over 48y,Close to HQ,Over 48y & Close to HQ
964,39,36.88,Under 48y,Far to HQ,Under 48y & Far to HQ
965,43,31.68,Under 48y,Far to HQ,Under 48y & Far to HQ
966,34,16.69,Under 48y,Far to HQ,Under 48y & Far to HQ
967,41,17.61,Under 48y,Far to HQ,Under 48y & Far to HQ
968,54,47.53,Over 48y,Far to HQ,Over 48y & Far to HQ
969,54,39.97,Over 48y,Far to HQ,Over 48y & Far to HQ
970,69,15.06,Over 48y,Close to HQ,Over 48y & Close to HQ
971,24,28.67,Under 48y,Far to HQ,Under 48y & Far to HQ
972,36,26.3,Under 48y,Far to HQ,Under 48y & Far to HQ
973,37,34.7,Under 48y,Far to HQ,Under 48y & Far to HQ
974,25,28.73,Under 48y,Far to HQ,Under 48y & Far to HQ
975,52,39.62,Over 48y,Far to HQ,Over 48y & Far to HQ
976,22,34.77,Under 48y,Far to HQ,Under 48y & Far to HQ
977,48,31.53,Over 48y,Far to HQ,Over 48y & Far to HQ
978,75,24.68,Over 48y,Far to HQ,Over 48y & Far to HQ
979,20,13.99,Under 48y,Close to HQ,Under 48y & Close to HQ
980,41,26.0,Under 48y,Far to HQ,Under 48y & Far to HQ
981,54,39.51,Over 48y,Far to HQ,Over 48y & Far to HQ
982,36,32.54,Under 48y,Far to HQ,Under 48y & Far to HQ
983,31,7.94,Under 48y,Close to HQ,Under 48y & Close to HQ
984,29,35.18,Under 48y,Far to HQ,Under 48y & Far to HQ
985,30,21.48,Under 48y,Far to HQ,Under 48y & Far to HQ
986,26,36.59,Under 48y,Far to HQ,Under 48y & Far to HQ
987,58,35.3,Over 48y,Far to HQ,Over 48y & Far to HQ
988,64,38.11,Over 48y,Far to HQ,Over 48y & Far to HQ
989,50,19.76,Over 48y,Far to HQ,Over 48y & Far to HQ
990,55,14.56,Over 48y,Close to HQ,Over 48y & Close to HQ
991,70,46.31,Over 48y,Far to HQ,Over 48y & Far to HQ
992,57,21.81,Over 48y,Far to HQ,Over 48y & Far to HQ
993,56,45.31,Over 48y,Far to HQ,Over 48y & Far to HQ
994,37,39.53,Under 48y,Far to HQ,Under 48y & Far to HQ
995,59,22.15,Over 48y,Far to HQ,Over 48y & Far to HQ
996,35,40.14,Under 48y,Far to HQ,Under 48y & Far to HQ
997,48,11.83,Over 48y,Close to HQ,Over 48y & Close to HQ
998,65,24.81,Over 48y,Far to HQ,Over 48y & Far to HQ
999,53,20.28,Over 48y,Far to HQ,Over 48y & Far to HQ
